,humidity,temp,clouds,wind_speed,longitude,latitude
Aanekoski,82,48.83,100,12.82,145.57,43.32
Aasiaat,83,33.21,54,6.51,-56.15,72.79
Abu Dhabi,11,94.54,0,15.19,-13.05,20.52
Abu Kamal,82,57.0,7,1.01,14.28,-22.12
Acapulco,82,75.33,100,17.16,-134.97,-23.12
Afsin,36,66.0,0,5.99,26.89,-33.59
Ahipara,50,76.73,75,13.87,-73.48,45.36
Ahmadpur Sial,77,82.4,100,19.01,81.12,6.12
Airai,92,28.4,40,13.87,-68.31,-54.81
Akdepe,91,77.29,100,6.04,74.49,15.34
Aklavik,39,58.1,100,7.85,114.09,71.97
Albany,75,46.18,20,9.17,-51.74,64.17
Aldan,36,61.92,0,9.73,30.45,-30.74
Alekseyevsk,87,51.8,90,2.24,-173.23,64.42
Alice Springs,93,53.26,75,17.22,18.42,-33.93
Alofi,49,48.2,5,21.92,-68.59,70.47
Altay,54,80.73,1,12.75,-99.24,30.3
Alto Longa,29,86.05,1,5.82,-74.31,40.8
Amapa,34,76.98,0,16.11,59.39,42.05
Amberley,62,61.2,0,13.87,137.76,-32.49
Ambilobe,77,60.8,75,4.47,112.4,66.42
Amga,78,82.93,3,19.6,-47.36,-0.61
Anadyr,88,41.99,100,9.82,156.12,50.68
Andapa,74,81.45,90,11.41,-159.32,22.08
Andilamena,98,39.0,10,21.18,115.35,-33.64
Antofagasta,69,35.6,75,18.34,15.63,78.22
Arman,93,64.35,75,8.05,-70.1,41.28
Arraial do Cabo,88,68.47,5,8.05,-4.62,48.38
Arrifes,74,35.62,41,3.11,78.62,30.78
Asosa,93,55.6,20,5.82,150.85,-34.58
Aswan,80,50.69,95,5.82,63.78,67.55
Atar,75,83.2,44,16.35,72.64,10.57
Atuona,83,53.87,0,2.28,-7.35,40.36
Avarua,78,58.7,71,5.12,-70.2,-22.09
Avera,69,75.47,90,8.05,-155.08,19.71
Awbari,93,56.55,90,13.42,30.79,59.7
Axim,88,73.4,0,3.36,-41.05,-21.64
Ayan,56,65.7,0,11.41,-8.45,37.14
Aykhal,74,80.84,0,13.35,-139.03,-9.8
Baculin,62,46.99,42,5.01,169.85,-46.28
Badnawar,74,84.2,75,17.22,-94.69,18.26
Ballina,82,53.96,45,11.41,20.04,-34.53
Bam,62,86.74,75,10.29,-93.73,32.52
Bambous Virieux,75,81.88,63,9.35,152.44,-3.66
Bandarbeyla,66,66.33,47,22.91,149.07,-23.58
Bang Krathum,84,79.29,83,23.53,140.4,-8.49
Banjarmasin,81,48.0,4,5.01,168.86,-46.19
Bara,83,65.21,0,6.22,45.17,-21.68
Barahona,69,74.34,0,17.22,-90.35,-0.74
Barrow,48,76.59,60,22.5,-102.4,27.32
Basugaon,91,69.89,0,2.95,49.05,-13.19
Bathsheba,74,28.18,40,14.99,-70.91,-53.16
Bay Roberts,62,53.71,75,10.29,147.26,-43.03
Baykit,48,30.8,2,8.1,-67.52,-46.43
Belmonte,69,83.77,100,5.28,73.08,-0.6
Bera,70,70.56,100,16.51,-109.46,49.91
Bereda,60,68.0,75,6.93,-105.3,55.1
Berezovka,94,75.04,75,3.36,131.31,31.65
Berezovyy,37,70.79,29,3.38,124.71,52.34
Beringovskiy,66,53.38,75,9.17,147.33,-42.88
Beroroha,81,74.65,1,15.97,9.26,-1.57
Bethel,84,64.62,0,17.31,-114.04,27.97
Beyneu,64,69.71,0,6.93,-43.81,-20.25
Biggar,64,66.37,9,7.49,-46.0,-20.63
Bilibino,69,50.26,0,1.39,176.59,-39.94
Birao,62,87.19,1,10.29,-94.76,39.95
Biskamzha,60,50.0,71,7.7,70.83,66.83
Blagoyevo,98,66.85,21,3.62,-38.08,-11.94
Blairmore,80,77.54,11,19.82,43.28,-11.38
Bluff,93,57.2,40,0.94,38.73,8.96
Bonavista,86,33.8,0,5.82,-73.76,-42.48
Bonita,78,73.17,75,16.11,57.7,-20.41
Bonthe,34,70.33,100,0.4,135.7,51.67
Bossier City,88,77.85,75,9.17,-58.16,6.8
Bozeman,58,72.67,0,3.04,125.41,-8.93
Brae,87,58.3,75,3.36,-113.32,49.2
Bredasdorp,92,70.58,4,4.59,-35.22,-9.01
Bridlington,37,78.04,40,12.75,-73.75,42.65
Brighton,97,58.55,25,3.2,49.65,-14.66
Broken Hill,80,39.2,75,9.17,-51.1,69.22
Broome,58,48.94,100,17.69,-60.23,-38.31
Bud,58,59.0,90,13.87,140.78,-37.83
Bunde,35,71.6,75,4.7,-97.86,55.74
Burnie,93,57.27,75,4.7,17.74,53.95
Burns Lake,60,71.02,1,16.11,-120.46,34.64
Busselton,79,84.2,40,11.41,-71.1,18.21
Butaritari,76,70.67,92,23.94,38.32,4.06
Butembo,47,72.21,1,5.82,-131.65,55.34
Cabo San Lucas,100,61.79,36,4.7,-7.54,43.27
Camacha,81,62.01,0,3.44,-46.24,-22.19
Camacupa,94,80.6,75,9.17,54.1,17.01
Camargo,76,52.86,36,17.22,5.22,59.36
Cambridge,42,69.03,22,6.78,135.31,54.72
Cape Town,86,73.84,0,21.85,-24.5,14.9
Carauari,73,45.38,94,11.21,128.87,71.64
Cardston,38,60.5,0,11.34,147.9,70.62
Carnarvon,96,50.78,100,17.22,44.85,54.7
Castro,81,44.6,40,10.29,-133.03,69.44
Cayenne,78,80.28,20,12.75,-38.6,-3.71
Cervo,77,60.8,75,4.47,111.51,65.95
Cetraro,59,70.76,33,13.18,-107.98,52.06
Chanika,100,69.8,75,8.05,136.9,37.4
Chapais,68,68.0,20,5.82,-74.86,49.78
Charters Towers,26,82.4,75,6.93,-128.69,54.02
Cherskiy,95,51.44,83,8.99,19.24,-34.42
Chipata,25,63.23,0,7.18,27.91,-33.02
Chokurdakh,82,57.2,36,11.41,20.44,-34.02
Chumikan,22,38.74,13,13.91,-66.82,-20.46
Chumphon,98,39.0,7,1.54,116.15,-33.36
Chuy,65,77.77,0,5.82,-0.6,45.6
Cidreira,87,60.76,90,7.72,153.24,-28.95
Clifton,87,77.6,100,10.83,75.23,23.02
Clyde River,86,54.68,19,12.95,16.43,-28.55
Coahuayana,63,52.72,63,4.61,47.92,63.37
Codrington,60,74.28,0,3.13,22.34,39.45
College,96,33.8,84,4.74,80.55,73.51
Collie,97,65.36,100,4.14,110.78,32.65
Colmar,43,85.82,1,3.36,-74.98,39.31
Concordia,37,65.29,30,2.71,142.86,48.99
Constitucion,79,77.2,14,1.43,115.51,-2.54
Coolum Beach,61,68.67,95,13.38,123.37,66.77
Coquimbo,71,49.71,0,12.75,174.78,-41.29
Corrente,89,75.47,5,0.65,-66.9,-4.88
Daru,47,67.77,99,3.8,136.49,52.42
Delitzsch,38,77.0,75,9.17,-86.95,49.72
Denpasar,70,84.06,1,11.03,172.79,3.07
Deputatskiy,93,48.2,0,1.12,15.16,-26.65
Diego de Almagro,69,80.6,20,12.75,-80.41,-0.59
Dikson,61,61.61,0,16.71,138.6,-33.21
Dingle,44,95.0,0,3.36,-87.45,13.43
Drovyanaya,56,71.08,40,5.82,-161.76,60.79
Dunedin,74,86.0,40,6.93,-88.94,16.17
East London,62,53.74,75,10.29,147.06,-42.78
Edd,78,52.61,69,4.76,-55.16,47.17
Entre Rios,61,82.4,20,13.87,-76.46,3.18
Esperance,38,61.84,40,2.24,-135.01,68.22
Eureka,48,90.91,75,19.46,-109.91,22.89
Evensk,93,50.32,90,3.36,-52.73,47.66
Ewa Beach,48,91.08,38,28.14,49.87,11.47
Eyl,91,47.56,100,2.89,138.33,46.54
Faanui,24,62.35,40,10.29,-114.38,62.45
Fairbanks,91,76.03,29,4.68,-72.13,2.89
Farafangana,77,58.42,3,6.93,14.51,-22.95
Fare,88,78.39,100,3.89,109.83,27.21
Faya,83,48.0,100,1.99,11.24,64.86
Fereydunshahr,77,59.16,0,8.05,5.73,50.9
Flinders,28,46.31,0,14.85,22.13,-30.97
Fortuna,83,82.4,90,10.29,134.26,7.04
Fujin,15,86.0,75,14.99,-104.67,23.99
Galle,81,79.06,67,13.73,-151.75,-16.48
Gallup,72,60.58,20,13.87,-124.16,40.6
Gamba,83,47.86,0,4.09,30.22,-13.23
Gambela,78,81.68,90,6.93,-158.01,21.32
Gamboula,87,76.9,100,10.51,-2.24,4.87
Garoua Boulai,82,58.86,20,12.75,1.95,50.95
Georgetown,94,71.56,75,9.17,139.58,38.29
Geraldton,81,48.0,64,5.01,167.69,-46.13
Ginda,100,53.91,90,17.22,-22.43,63.84
Gorontalo,81,74.95,69,4.38,10.6,10.41
Grand Gaube,88,60.55,0,12.1,-50.22,-30.17
Grande Prairie,78,46.99,39,18.16,77.78,64.92
Grindavik,88,72.07,85,1.07,101.85,3.79
Guerrero Negro,62,66.82,0,17.9,116.85,-20.74
Half Moon Bay,87,55.83,4,5.82,1.45,52.47
Hambantota,74,54.4,0,3.31,34.19,-12.93
Hamilton,52,88.95,75,9.17,-105.21,20.71
Hanting,17,66.83,0,3.53,58.36,29.11
Harper,88,77.09,75,1.12,140.83,35.73
Hasaki,76,84.06,100,14.61,150.8,-2.57
Hay River,51,80.01,1,8.01,-81.63,44.18
Helong,15,86.0,0,2.24,44.22,17.54
Henties Bay,86,63.14,17,16.73,-77.61,-11.1
Hermanus,63,62.98,0,11.41,25.82,47.81
Hilo,71,51.8,61,5.82,-46.05,60.91
Hithadhoo,88,67.73,25,0.89,23.44,-4.97
Hobart,94,53.14,100,14.38,42.61,55.71
Hobyo,94,75.65,100,2.24,-67.92,3.87
Hongjiang,100,82.4,75,6.93,-51.07,0.05
Honiara,72,57.89,12,12.01,173.16,-35.17
Hualmay,87,54.7,1,4.7,-0.19,54.08
Humaita,43,49.18,0,2.26,-68.33,-34.61
Ianca,72,59.72,0,11.41,12.34,51.53
Igrim,73,63.88,38,12.01,-28.7,38.52
Ilave,98,38.11,100,3.4,-45.24,60.14
Ilovlya,76,47.84,100,5.82,6.91,62.91
Ilulissat,74,81.99,40,3.36,-78.04,18.26
Imbituba,83,71.6,98,4.7,-159.78,-21.21
Imeni Poliny Osipenko,72,69.8,0,10.29,-43.85,-19.77
Imst,52,44.6,0,9.24,133.88,-23.7
Inirida,82,72.83,0,14.03,12.37,-6.13
Inongo,55,88.57,1,10.29,-92.17,38.58
Iqaluit,34,96.31,1,26.4,-98.86,38.9
Isangel,42,82.98,75,2.24,-79.87,43.26
Itarema,75,46.4,75,11.18,88.39,69.49
Ixtapa,73,83.09,100,4.65,125.51,12.18
Jacareacanga,19,55.03,0,11.01,24.73,-34.0
Jamestown,72,57.45,0,6.93,-2.59,53.39
Jefferson City,83,75.87,0,1.77,14.57,32.47
Jiazi,77,63.99,0,2.75,-6.55,41.42
Jinka,70,86.0,40,16.11,-87.97,15.09
Jiuquan,44,64.49,29,3.49,150.17,59.7
Jos,74,81.95,40,3.36,-78.17,18.44
Joshimath,63,61.47,67,4.59,102.47,71.98
Jumla,24,67.64,0,11.99,98.49,39.73
Juneau,81,46.73,2,3.02,56.73,60.74
Kaarina,24,82.4,0,4.7,52.54,29.61
Kadingilan,100,57.56,1,6.73,17.87,52.29
Kahului,65,77.0,20,13.87,-174.35,-19.8
Kaitangata,81,46.76,40,11.41,6.12,62.58
Kalmunai,62,57.2,100,4.47,158.65,53.05
Kangaatsiaq,74,82.4,40,21.92,-59.52,13.22
Kapaa,73,68.36,99,11.41,38.17,49.58
Karaton,78,69.35,100,3.29,34.59,8.25
Kargasok,49,71.03,13,3.96,102.28,60.35
Karpathos,58,62.03,0,3.91,69.59,32.31
Karratha,35,68.45,0,2.8,79.91,45.41
Kathu,93,48.2,0,6.71,47.39,55.56
Katiola,44,60.28,93,4.7,72.24,42.52
Katsuura,77,84.53,62,10.76,119.85,4.8
Kavaratti,70,81.99,1,5.82,-90.5,36.06
Kavieng,76,78.7,100,2.44,126.58,7.45
Kayalpattinam,79,49.72,100,11.7,161.3,68.75
Kedougou,34,92.38,94,9.24,41.69,13.93
Ketchikan,87,57.43,1,3.49,-120.31,47.42
Khalkhal,83,81.41,53,10.98,-77.37,4.95
Khandbari,71,70.13,0,10.11,120.26,-9.65
Khandyga,66,70.29,63,5.03,-101.35,51.23
Khani,93,44.6,100,4.7,-37.64,65.61
Khasan,85,46.64,98,4.47,42.1,61.07
Khatanga,82,69.6,0,9.17,4.24,48.95
Khrystynivka,68,83.99,62,9.51,-77.06,26.54
Kikwit,90,78.21,77,7.58,150.67,-10.62
Kincardine,35,82.17,1,4.7,-73.36,41.14
Kirakira,79,49.91,100,20.11,106.27,45.76
Kirovskiy,86,76.5,100,4.63,-49.22,-1.53
Kitimat,30,66.6,90,8.05,-76.2,-13.71
Klaksvik,73,71.91,20,3.36,10.74,47.24
Kloulklubed,25,85.55,0,23.31,40.92,34.45
Kodiak,9,93.06,3,4.72,-3.98,22.68
Komsomolskiy,94,77.79,75,2.24,134.5,33.93
Kruisfontein,63,70.59,1,10.29,-121.92,36.62
Kudahuvadhoo,27,59.83,0,4.5,50.12,32.94
Kuito,58,77.74,1,6.93,-77.74,39.62
Kulhudhuffushi,94,61.2,58,8.66,81.92,50.63
Kungur,71,51.8,61,5.82,-46.03,60.72
Kununurra,37,54.79,0,1.07,17.48,-12.02
Kushima,54,78.84,75,4.7,-75.23,4.91
La Asuncion,62,53.51,39,5.32,79.57,30.57
La Ronge,81,81.13,99,16.28,-52.96,5.38
Labuhan,92,63.94,100,3.6,36.57,5.79
Lagoa,47,59.0,20,8.05,-115.79,60.82
Laguna,59,75.04,21,6.96,-86.92,14.68
Lamu,70,51.79,61,11.25,-53.46,-33.69
Lasa,55,87.8,20,8.05,-76.41,17.88
Lata,54,74.44,0,6.93,-3.88,36.75
Lavrentiya,80,78.55,61,13.11,-151.02,-16.7
Lazeshchyna,55,56.61,45,4.68,48.53,37.62
Lebu,46,73.55,6,4.03,108.01,61.28
Leningradskiy,41,73.76,61,1.77,123.94,53.99
Les Cayes,76,76.0,84,22.95,48.53,5.35
Les Escoumins,72,57.99,0,6.93,-2.98,53.41
Lillooet,80,61.09,7,1.83,89.53,53.45
Lincoln,54,59.33,0,5.21,78.49,30.69
Linjiang,71,79.56,85,16.89,-15.05,13.79
Liverpool,89,58.64,1,13.49,33.49,50.74
Livingston,77,62.6,20,3.36,-25.43,37.72
Lompoc,95,34.63,100,11.72,170.27,69.7
Longyearbyen,90,48.83,61,1.99,145.91,-41.05
Lorengau,86,35.59,0,8.75,-52.87,68.71
Lucea,50,51.8,44,8.05,18.72,63.29
Luderitz,90,37.73,97,6.93,14.52,66.4
Lusambo,58,70.7,23,3.2,-44.68,-17.45
Lyubim,53,75.65,0,4.7,12.48,41.89
Macapa,48,69.23,10,4.79,125.39,58.61
Mackay,18,59.0,0,6.93,-65.16,-18.93
Mackenzie,61,70.63,94,3.71,126.91,41.81
Mahebourg,54,52.85,18,10.47,-62.99,-40.81
Mananjary,51,75.11,78,5.79,100.22,64.27
Manati,70,89.6,40,11.41,-99.88,16.86
Mandalgovi,81,53.6,90,5.82,-71.34,-29.95
Manuk Mangkaw,100,53.6,90,3.36,-73.12,-36.72
Mao,62,70.61,0,24.09,32.06,-28.77
Mapiripan,40,74.18,66,5.12,96.39,61.68
Maple Creek,80,80.57,85,10.96,131.25,-0.86
Mar del Plata,94,48.19,100,6.44,-170.99,65.58
Maragogi,90,72.94,32,5.86,-42.02,-22.97
Marck,88,75.0,90,2.24,131.29,31.5
Mareeba,33,72.99,75,3.36,-147.72,64.84
Margate,69,83.89,40,9.17,-156.47,20.89
Marginea,88,75.2,13,26.4,27.21,35.51
Marovoay,73,77.9,0,5.82,9.18,39.25
Marrakesh,15,91.4,1,29.97,-104.61,38.25
Marsh Harbour,50,73.37,60,0.58,18.82,-5.04
Marystown,81,42.8,40,16.11,-65.11,-43.3
Matara,69,64.55,38,9.22,-60.44,-26.79
Mataura,82,46.99,91,4.0,-53.11,48.65
Mayo,88,69.48,100,1.48,100.79,22.76
Mega,93,59.0,83,2.24,112.04,40.71
Mehamn,48,85.14,1,3.36,-83.4,41.91
Merauke,61,73.9,0,5.82,9.25,36.46
Meulaboh,91,54.63,89,16.67,31.9,54.43
Mitsamiouli,10,89.6,0,4.7,46.72,24.63
Mizdah,93,59.33,100,6.4,130.64,42.43
Monroe,81,47.05,82,2.86,61.86,59.17
Morant Bay,15,72.52,0,3.36,42.45,18.39
Morondava,83,73.4,20,8.43,115.22,-8.65
Motala,42,66.1,42,1.01,39.43,10.6
Mount Gambier,81,64.03,0,2.06,87.8,53.71
Mount Isa,94,74.05,75,12.75,133.23,35.55
Muana,82,77.74,22,7.85,114.59,-3.32
Mujiayingzi,86,77.65,93,8.14,122.67,11.0
Murakami,69,70.0,1,3.0,15.09,36.72
Murgab,93,54.34,1,3.62,36.91,38.25
Murmashi,95,60.35,93,9.66,81.83,51.99
Myski,81,42.8,40,16.11,-65.31,-43.25
Najran,29,52.43,34,3.11,-65.39,-26.05
Namatanai,38,74.36,36,9.24,134.54,60.42
Nanortalik,66,56.43,0,11.41,145.39,-37.84
Nantucket,44,71.56,0,6.93,7.36,48.08
Naron,93,49.98,90,3.36,-53.28,47.58
Narsaq,71,51.37,40,15.66,177.51,64.73
Necochea,87,60.8,40,6.93,-130.32,54.32
Nelson Bay,80,78.55,61,13.11,-151.5,-16.78
Nemuro,83,70.86,0,3.6,3.91,46.42
Nerja,74,76.89,20,3.36,106.1,-6.34
New Norfolk,68,64.4,75,12.75,-118.79,55.17
Ngunguru,84,53.01,0,1.66,66.31,56.65
Nguruka,60,61.45,80,5.14,-125.76,54.23
Nichinan,79,79.13,98,7.85,-15.56,12.71
Nikolskoye,63,76.23,0,8.46,44.28,-20.3
Nioro,96,53.68,100,12.57,132.03,47.24
Nogliki,100,58.3,20,7.47,152.14,-32.72
Nome,37,68.65,0,2.68,77.98,44.36
Norman Wells,77,71.5,99,1.5,101.72,26.59
North Bend,72,66.2,20,9.17,-16.33,33.08
Nouadhibou,73,77.0,75,19.46,-169.92,-19.06
Novyy Urgal,94,75.2,75,9.17,-5.1,8.14
Nuuk,59,58.27,35,15.5,26.19,59.1
Nyrob,88,76.21,0,5.82,13.08,38.15
Nyurba,83,74.59,75,2.24,126.98,37.57
Nyzhnya Duvanka,24,67.55,0,5.37,139.9,69.3
Ocampo,61,50.0,40,5.82,-68.52,63.75
Odesskoye,97,58.93,28,2.21,29.29,0.12
Olinda,28,71.6,75,9.17,-126.83,65.28
Omboue,77,65.21,75,12.75,-122.43,37.46
Oranjemund,51,76.44,20,4.7,-84.36,46.49
Orlik,82,62.6,0,6.93,-48.67,-28.24
Ormara,52,49.99,50,3.87,170.5,-45.87
Ornskoldsvik,52,43.11,21,4.12,-69.36,77.48
Ostersund,87,49.12,68,5.53,72.97,54.21
Ostrovnoy,65,61.9,58,27.36,135.86,-34.72
Paamiut,94,73.4,90,17.92,169.27,-19.55
Pachino,77,62.6,20,3.36,-25.67,37.73
Pacific Grove,15,103.18,63,5.64,-109.23,29.05
Padang,70,44.89,43,2.24,172.73,-43.15
Pajapan,100,50.0,100,13.87,-6.59,62.23
Palmares,100,57.2,40,3.36,118.58,-20.31
Pangai,76,41.26,0,8.25,78.7,67.47
Pangody,58,74.59,0,12.95,12.98,31.45
Panguna,88,65.3,32,9.1,-56.83,-26.98
Panhala,19,75.2,75,5.82,-135.9,63.59
Panzhihua,84,43.29,45,8.23,-54.34,-34.48
Paragould,73,82.21,64,4.47,100.36,-0.92
Parati,83,79.83,75,3.36,120.72,14.29
Paredon,100,51.8,0,6.93,-52.1,-32.03
Passa Quatro,88,54.83,76,14.94,32.43,53.86
Pauini,81,45.46,99,13.87,14.64,63.18
Petropavlovsk-Kamchatskiy,15,90.56,23,11.03,12.77,26.59
Pevek,78,80.84,15,7.9,96.13,4.14
Pisco,33,73.85,75,3.36,-147.8,64.86
Pizarro,85,45.0,1,3.36,147.06,-38.11
Plouzane,83,79.7,31,7.4,123.06,0.54
Pochinki,72,60.8,40,11.18,113.05,51.58
Ponta Delgada,78,78.67,1,5.82,-94.42,30.04
Ponta do Sol,62,51.75,100,3.78,52.15,65.44
Port Alfred,92,72.58,100,7.16,74.11,16.81
Port Augusta,68,77.8,17,1.41,-57.76,-6.22
Port Elizabeth,55,66.2,0,4.7,139.49,-20.73
Port Hardy,91,37.75,91,6.4,178.42,69.38
Port Hedland,87,60.66,90,8.05,-124.16,40.8
Port Lincoln,85,82.82,84,8.86,89.61,24.08
Port Shepstone,87,39.2,75,9.17,-51.19,68.82
Port-Gentil,97,67.48,100,4.92,47.83,-22.82
Porto Novo,72,63.45,1,14.99,-124.22,43.41
Pospelikha,55,64.4,90,6.93,-123.09,55.34
Praia,290,62.6,0,13.87,-81.27,-4.58
Presidencia Roque Saenz Pena,72,46.98,1,7.29,74.49,65.85
Prince Rupert,55,60.8,0,6.17,128.74,-15.77
Provideniya,95,59.17,98,2.75,-69.4,48.35
Pueblo,65,78.79,100,3.8,-42.21,-5.25
Pueblo Bello,30,79.59,20,17.22,-134.42,58.3
Puerto Ayacucho,30,72.02,2,4.07,55.19,45.32
Puerto Ayora,37,42.75,54,3.74,-69.64,-16.09
Puerto Escondido,94,73.4,20,4.7,8.78,-0.72
Puerto Madryn,85,76.0,1,6.6,-39.92,-2.92
Puerto del Rosario,82,62.77,93,6.24,133.51,45.09
Punta Arenas,89,40.77,3,12.82,-49.67,61.99
Qaanaaq,76,50.77,0,5.82,22.37,60.41
Qandala,72,55.87,75,2.24,-114.44,49.61
Qaqortoq,64,71.6,0,20.8,-17.03,20.93
Qasigiannguit,83,82.4,0,2.24,110.49,19.61
Qena,94,47.09,0,8.99,-55.98,-31.73
Quartucciu,97,42.3,62,1.68,-74.64,-11.26
Rapid Valley,83,78.96,90,1.12,115.24,5.28
Raub,89,77.24,100,6.15,-12.5,7.53
Rawson,39,82.56,20,4.7,-80.31,43.39
Ribeira Grande,88,52.29,56,7.63,80.87,59.06
Richards Bay,73,48.91,98,7.99,166.1,60.47
Rikitea,87,56.77,75,12.75,-0.14,50.82
Rio Grande,69,75.85,0,2.24,7.85,43.86
Riyadh,46,72.88,20,21.92,-111.04,45.68
Roald,47,70.05,90,6.93,-89.26,48.41
Roblin,80,77.92,100,9.24,76.21,20.68
Rocha,76,81.63,97,3.51,161.92,-10.46
Rome,95,53.57,2,4.7,-49.73,-29.34
Romny,71,57.2,90,8.05,-70.4,-23.65
Rorvik,49,70.02,0,4.79,103.75,57.27
Rosarito,46,63.36,90,10.29,-121.94,50.69
Rudnogorsk,94,76.06,75,10.29,140.92,37.8
Russell,63,63.72,0,5.01,-9.15,54.11
Ruteng,94,73.4,40,2.24,42.96,41.96
Sabang,39,78.8,40,9.17,61.97,37.5
Sahuaripa,77,45.76,37,4.45,167.72,-45.41
Saint George,78,81.92,100,15.93,-73.75,18.19
Saint-Francois,94,74.3,14,4.94,5.75,5.52
Saint-Philippe,88,68.0,0,4.7,-45.44,-23.68
Saint-Pierre,76,46.62,85,16.11,12.69,67.67
Saint-Raymond,55,87.8,40,6.93,-67.63,5.66
Sakaiminato,78,55.0,0,8.99,-58.02,-31.4
Salalah,91,59.08,22,1.92,-44.97,-22.39
Saldanha,86,39.94,85,23.31,27.85,71.03
Sale,58,70.34,89,3.53,31.04,-5.11
Salinas,98,64.78,10,5.3,-35.59,-8.68
Salinopolis,15,93.87,48,12.1,-105.17,27.69
Samarai,54,81.18,1,14.99,-103.15,44.06
San Cristobal,26,82.4,75,6.93,-128.61,54.52
San Jose,56,77.92,62,29.51,49.82,7.98
San Lorenzo,71,82.42,90,4.05,118.55,30.92
San Patricio,31,75.2,0,12.75,38.65,31.68
San Policarpo,72,71.73,16,5.26,120.46,-8.61
San Quintin,89,58.61,5,12.66,29.97,48.82
San Rafael,68,71.6,0,13.87,-13.86,28.5
San Vicente,78,73.17,75,16.11,57.76,-20.34
Santa Luzia,73,50.47,73,7.47,60.32,65.99
Santa Rosa,80,81.9,46,5.01,116.13,25.94
Sao Filipe,76,78.57,69,2.98,-67.0,-7.71
Sao Joao da Barra,37,69.8,0,8.95,43.98,49.31
Sarkand,75,75.8,100,2.91,81.82,7.42
Saryozek,77,62.6,20,3.36,-25.7,37.77
Saskylakh,87,62.08,90,4.7,-115.58,53.65
Satipo,82,58.61,1,3.15,46.8,-19.16
Sault Sainte Marie,85,78.71,99,9.95,105.8,11.08
Sechura,76,50.0,75,8.95,106.92,47.92
Sedhiou,70,60.35,99,9.64,114.88,40.77
Seoul,91,75.06,72,11.25,122.3,29.96
Sept-Iles,93,57.58,90,4.7,-114.33,48.41
Serenje,94,77.0,75,4.05,100.3,16.58
Severo-Kurilsk,50,47.2,87,10.36,-64.29,-36.62
Shemonaikha,81,42.8,40,16.11,-65.04,-42.77
Shenjiamen,63,70.04,100,3.83,118.35,63.29
Shikhazany,96,63.14,100,15.01,41.37,53.23
Shingu,93,62.44,8,1.61,83.82,55.47
Shiraz,93,53.96,75,10.29,-0.54,53.23
Shiyan,94,73.17,83,4.09,-1.75,4.89
Shumyachi,93,61.54,5,3.0,153.09,-26.53
Simao,84,45.11,100,3.11,166.44,68.06
Sinnamary,97,65.03,100,1.83,14.55,5.88
Sisimiut,56,55.99,0,11.01,23.05,-27.7
Sitka,97,39.44,100,14.58,39.51,68.05
Skovorodino,80,37.78,0,22.15,-53.46,68.31
Slupca,98,52.33,51,4.12,24.42,48.27
Sobolevo,86,41.0,75,17.22,18.96,69.65
Soc Trang,37,54.02,0,2.86,16.94,-12.38
Sola,56,73.4,75,13.87,27.47,45.13
Soma,74,86.0,75,8.05,159.96,-9.43
Sorland,74,65.07,97,3.44,33.8,-3.17
Sorong,93,51.8,100,10.29,-1.35,60.4
Sosnovka,85,57.0,32,5.99,174.5,-35.62
Sosva,76,48.99,100,11.01,-58.74,-38.55
Souillac,85,36.05,91,25.14,-53.67,66.94
Soyo,45,70.78,0,7.9,108.35,57.84
Stantsionno-Oyashinskiy,66,89.6,0,4.7,71.77,30.68
Storforshei,49,71.17,1,12.75,-121.66,36.67
Suntar,87,60.41,30,9.35,38.72,7.93
Svay Rieng,91,67.73,100,2.51,8.9,9.92
Svetlaya,82,57.2,75,6.93,-127.42,50.7
Svetlogorsk,89,77.58,93,12.64,143.21,-9.07
Swellendam,82,76.57,99,6.78,-12.19,12.56
Tabursuq,82,50.13,100,10.2,40.69,58.36
Tacuarembo,81,48.94,78,1.34,102.37,35.77
Taggia,78,73.2,75,16.11,57.66,-20.01
Tahe,82,62.82,90,11.41,-66.12,43.84
Takoradi,88,72.66,75,8.05,32.53,34.92
Talara,46,91.0,12,18.99,-99.65,37.17
Talas,100,80.6,40,4.7,105.98,9.6
Talcahuano,61,82.64,81,3.27,-100.35,18.62
Talnakh,91,59.2,0,15.1,30.97,49.08
Taoudenni,64,51.39,85,8.14,179.32,63.05
Tarko-Sale,94,78.8,100,5.82,99.18,10.5
Tasiilaq,53,59.83,80,3.58,88.13,47.83
Tazovskiy,96,45.5,51,6.89,56.94,57.43
Te Anau,70,83.47,17,7.02,72.89,2.67
Ternate,84,78.34,75,18.16,132.75,-5.67
Terrace,41,72.9,0,8.79,131.98,60.89
Terrasini,76,53.6,90,4.47,59.15,53.14
Tevaitoa,96,74.48,100,5.06,120.52,17.54
Tezu,22,91.4,0,4.65,32.72,26.16
Thompson,97,71.44,97,4.97,96.16,27.93
Thunder Bay,73,72.79,81,12.75,145.42,-16.99
Tiksi,83,81.41,54,11.07,64.64,25.21
Tilichiki,81,74.2,100,7.14,22.78,10.3
Tocopilla,58,72.68,95,1.86,117.65,62.16
Tomatlan,74,83.23,17,10.92,73.07,6.62
Torbay,93,44.55,0,0.58,-70.05,-26.39
Torres,79,62.8,35,1.99,46.05,-18.77
Touros,18,79.72,0,8.68,135.58,62.65
Trelew,58,48.94,100,17.69,-60.28,-38.38
Tres Arroyos,63,85.77,6,6.78,-105.25,19.93
Tromso,93,37.4,0,4.47,32.82,68.82
Tsiroanomandidy,12,96.8,0,9.17,32.9,24.09
Tual,58,75.35,34,18.84,40.07,1.75
Tuatapere,86,48.26,50,6.53,71.71,51.74
Tuktoyaktuk,83,80.6,75,2.24,-52.33,4.94
Tura,67,76.5,87,2.77,124.91,7.6
Turayf,79,90.82,11,2.24,54.37,24.47
Udachnyy,98,72.76,100,3.6,-12.83,10.08
Ulaanbaatar,58,78.97,100,29.17,50.81,9.49
Upernavik,70,87.8,40,6.93,-97.07,15.86
Ushuaia,87,56.08,90,9.17,-66.38,50.2
Ust-Maya,68,56.02,0,5.1,32.65,-13.64
Ust-Tsilma,100,59.43,1,4.7,-8.15,43.52
Uvinza,58,59.0,32,17.22,141.45,-31.97
Uyuni,73,70.0,1,1.01,15.94,39.52
Vaini,53,63.09,49,2.84,132.56,51.07
Vakhrushev,68,69.8,40,8.05,-7.99,31.63
Vanavara,79,82.84,79,9.89,147.27,-2.02
Vao,52,88.25,1,8.05,-92.2,37.83
Vardo,100,42.8,75,13.87,121.89,-33.86
Velsk,55,86.0,40,13.87,-87.96,14.25
Verkhnyaya Inta,86,66.01,13,14.05,-80.82,-5.56
Victoria,82,73.73,90,1.97,18.29,-1.93
Viedma,81,65.23,100,16.31,146.27,-20.07
Vila Franca do Campo,94,75.2,40,3.36,-35.46,-5.2
Vila Velha,85,79.52,97,4.68,121.11,13.8
Villa Rica,76,78.79,83,5.55,78.12,8.57
Visnes,82,53.78,0,3.04,44.7,38.23
Waingapu,89,55.64,74,2.26,87.21,27.38
Waipawa,72,41.15,39,2.91,88.52,28.28
Wajima,78,71.6,0,12.75,-54.63,-20.51
Wajir,82,52.52,100,2.35,159.24,61.92
Walvis Bay,96,68.0,96,1.83,15.14,4.12
Wana,11,89.6,1,23.04,-108.74,35.53
Warri,98,60.88,100,0.85,93.82,27.54
Warrington,71,65.66,0,1.23,30.39,-5.1
Waynesville,66,50.54,0,10.29,-65.37,-24.93
Wellington,90,49.63,4,3.69,82.18,29.28
Wenatchee,97,75.74,100,3.36,90.4,26.47
Were Ilu,75,82.03,95,3.31,155.48,-6.32
Westport,66,87.8,40,2.24,-76.53,8.2
Whitefish,40,89.92,1,5.82,-82.53,33.19
Whithorn,96,59.18,46,5.06,48.57,-17.01
Yalutorovsk,78,71.6,0,3.36,19.67,41.76
Yar-Sale,88,77.0,75,4.7,135.99,33.72
Yarmouth,88,63.9,90,4.7,-71.84,46.89
Yellowknife,70,50.54,56,3.06,64.42,63.19
Yerbogachen,89,65.0,84,3.78,34.53,10.07
Zhangjiakou,94,78.94,75,12.75,-71.08,19.55
Zhigansk,33,86.86,1,4.7,-74.16,40.86
Zholymbet,77,57.9,90,5.82,-122.76,45.42
Zhuhai,80,61.0,100,10.63,118.78,42.12
Ziro,66,50.0,0,10.29,25.73,62.6
Ziway,85,52.09,97,1.05,29.48,-3.48
Zlitan,55,63.99,0,10.71,143.14,51.8
Zvenyhorodka,73,71.6,20,4.7,46.64,-16.11
